session_duration,start_hour,day_of_week
0.3347068666666667,11,2
0.08350425,12,2
0.3344583666666667,12,2
0.2506157666666667,12,2
0.5856391166666667,12,2
